City_ID,City,Country,Date,Lat,Lng,Max Temp,Humidity,Cloudiness,Wind Speed
0,La Ronge,CA,2022-04-30 16:16:20,55.1001,-105.2842,35.82,86,100,5.75
1,Hailar,CN,2022-04-30 16:16:21,49.2,119.7,34.09,39,11,6.15
2,Clyde River,CA,2022-04-30 16:16:21,70.4692,-68.5914,16.03,79,100,3.44
3,Bredasdorp,ZA,2022-04-30 16:16:21,-34.5322,20.0403,61.0,65,17,7.94
4,Mount Gambier,AU,2022-04-30 16:16:22,-37.8333,140.7667,53.51,94,40,11.5
5,Castro,BR,2022-04-30 16:12:45,-24.7911,-50.0119,64.47,79,97,6.96
6,Mataura,NZ,2022-04-30 16:16:22,-46.1927,168.8643,63.48,86,84,4.25
7,Cabo San Lucas,MX,2022-04-30 16:13:12,22.8909,-109.9124,81.61,52,0,4.61
8,Hithadhoo,MV,2022-04-30 16:16:23,-0.6,73.0833,85.8,68,72,15.37
9,Cape Town,ZA,2022-04-30 16:16:23,-33.9258,18.4232,64.35,68,0,10.36
10,Ushuaia,AR,2022-04-30 16:16:24,-54.8,-68.3,42.42,87,0,4.61
11,Smithers,CA,2022-04-30 16:16:24,54.7804,-127.1743,44.92,57,75,3.44
12,Iqaluit,CA,2022-04-30 16:16:24,63.7506,-68.5145,22.73,73,100,13.8
13,Avarua,CK,2022-04-30 16:16:25,-21.2078,-159.775,77.05,88,40,6.91
14,Nanortalik,GL,2022-04-30 16:16:25,60.1432,-45.2371,38.7,84,76,3.58
15,Severo-Kurilsk,RU,2022-04-30 16:13:15,50.6789,156.125,33.73,83,94,14.72
16,Atuona,PF,2022-04-30 16:13:04,-9.8,-139.0333,78.04,77,46,13.11
17,Kaoma,ZM,2022-04-30 16:16:26,-14.7833,24.8,66.97,63,2,4.16
18,Arraial Do Cabo,BR,2022-04-30 16:16:26,-22.9661,-42.0278,78.76,78,75,9.22
19,Mar Del Plata,AR,2022-04-30 16:16:27,-38.0023,-57.5575,55.87,54,0,8.05
20,Zabid,YE,2022-04-30 16:16:27,14.1951,43.3152,83.64,51,82,19.26
21,Rikitea,PF,2022-04-30 16:13:07,-23.1203,-134.9692,75.78,77,56,13.42
22,Mikhaylovka,RU,2022-04-30 16:12:14,50.06,43.2379,51.78,62,100,2.53
23,Da Nang,VN,2022-04-30 16:14:46,16.0678,108.2208,80.58,89,40,1.14
24,Dzhebariki-Khaya,RU,2022-04-30 16:12:19,62.2167,135.8,20.01,97,29,1.1
25,Tatawin,TN,2022-04-30 16:16:28,32.9297,10.4518,65.35,56,53,34.58
26,Qaanaaq,GL,2022-04-30 16:16:28,77.484,-69.3632,18.86,74,100,7.81
27,New Norfolk,AU,2022-04-30 16:16:29,-42.7826,147.0587,56.7,62,100,9.28
28,Wichita Falls,US,2022-04-30 16:11:35,33.9137,-98.4934,75.25,30,0,21.85
29,Punta Arenas,CL,2022-04-30 16:12:24,-53.15,-70.9167,44.71,65,40,2.3
30,Busselton,AU,2022-04-30 16:16:30,-33.65,115.3333,56.19,83,0,4.79
31,Dhidhdhoo,MV,2022-04-30 16:16:30,6.8833,73.1,86.18,73,100,10.74
32,Rio Grande,BR,2022-04-30 16:15:24,-32.035,-52.0986,69.91,59,13,6.89
33,Hobart,AU,2022-04-30 16:15:03,-42.8794,147.3294,57.06,92,75,9.22
34,Camacha,PT,2022-04-30 16:16:31,33.0833,-16.3333,65.62,68,40,16.11
35,Varkaus,FI,2022-04-30 16:16:31,62.3153,27.873,43.3,77,98,8.95
36,Qandala,SO,2022-04-30 16:16:31,11.472,49.8728,86.9,64,54,4.23
37,Pundaguitan,PH,2022-04-30 16:16:32,6.3711,126.1689,80.78,78,98,7.67
38,Barrow,US,2022-04-30 16:16:32,71.2906,-156.7887,10.42,92,0,6.91
39,Bagua Grande,PE,2022-04-30 16:16:33,-5.7561,-78.4411,77.47,83,100,2.86
40,Khatanga,RU,2022-04-30 16:16:33,71.9667,102.5,9.99,97,60,5.7
41,Biak,ID,2022-04-30 16:16:33,-0.9131,122.8766,76.77,86,100,0.65
42,Pacific Grove,US,2022-04-30 16:14:14,36.6177,-121.9166,59.41,85,40,6.91
43,Nikolskoye,RU,2022-04-30 16:13:34,59.7035,30.7861,44.49,46,94,7.43
44,Magadan,RU,2022-04-30 16:16:34,59.5667,150.8,25.54,75,11,5.79
45,Bulolo,PG,2022-04-30 16:16:34,-7.2,146.65,69.69,96,64,1.72
46,Saint George,US,2022-04-30 16:14:49,37.1041,-113.5841,69.44,19,0,3.44
47,East London,ZA,2022-04-30 16:16:35,-33.0153,27.9116,66.13,66,1,19.95
48,Bom Despacho,BR,2022-04-30 16:16:35,-19.7364,-45.2522,82.02,43,0,3.83
49,Tiksi,RU,2022-04-30 16:16:36,71.6872,128.8694,34.03,81,89,18.63
50,Hermanus,ZA,2022-04-30 16:16:36,-34.4187,19.2345,59.81,80,49,6.44
51,Te Anau,NZ,2022-04-30 16:16:36,-45.4167,167.7167,57.33,74,99,10.18
52,Cassilandia,BR,2022-04-30 16:16:37,-19.1133,-51.7342,87.93,38,24,6.44
53,Salinopolis,BR,2022-04-30 16:16:37,-0.6136,-47.3561,81.54,78,59,7.92
54,Vaini,TO,2022-04-30 16:16:38,-21.2,-175.2,75.36,94,100,8.05
55,Alofi,NU,2022-04-30 16:15:20,-19.0595,-169.9187,75.09,94,98,5.75
56,Ostrovnoy,RU,2022-04-30 16:16:38,68.0531,39.5131,26.44,74,86,10.31
57,Tromso,NO,2022-04-30 16:12:02,69.6496,18.957,36.37,80,75,12.66
58,Mareeba,AU,2022-04-30 16:16:39,-17.0,145.4333,70.52,93,60,1.43
59,Constitucion,CL,2022-04-30 16:16:39,-35.3333,-72.4167,59.32,45,0,9.64
60,Port Alfred,ZA,2022-04-30 16:14:12,-33.5906,26.891,63.18,75,2,5.01
61,Dukat,RU,2022-04-30 16:16:40,62.55,155.55,8.58,99,100,2.01
62,Hanyang,CN,2022-04-30 16:16:40,32.1371,105.5126,53.6,54,100,5.28
63,Souillac,MU,2022-04-30 16:13:17,-20.5167,57.5167,77.38,83,40,5.75
64,Sokoni,TZ,2022-04-30 16:16:40,-6.4333,39.55,81.75,73,81,17.65
65,Bluff,NZ,2022-04-30 16:16:41,-46.6,168.3333,63.81,69,88,21.12
66,Lafiagi,NG,2022-04-30 16:16:41,8.8667,5.4167,102.52,25,49,3.06
67,Dabat,ET,2022-04-30 16:16:42,12.9842,37.765,72.16,18,26,8.61
68,Tamworth,GB,2022-04-30 16:16:42,52.634,-1.6959,61.79,44,100,4.0
69,Cockburn Town,TC,2022-04-30 16:16:28,21.4612,-71.1419,80.56,57,75,18.41
70,Alice Springs,AU,2022-04-30 16:16:42,-23.7,133.8833,60.35,67,7,8.05
71,Kapaa,US,2022-04-30 16:16:43,22.0752,-159.319,73.11,82,40,16.11
72,Mayor Pablo Lagerenza,PY,2022-04-30 16:16:43,-19.9309,-60.7718,84.2,47,59,4.92
73,Neuquen,AR,2022-04-30 16:13:56,-38.9516,-68.0591,55.29,44,0,9.22
74,Cidreira,BR,2022-04-30 16:16:44,-30.1811,-50.2056,66.94,65,59,11.77
75,Williston,US,2022-04-30 16:16:44,48.147,-103.618,52.81,59,100,5.01
76,Radviliskis,LT,2022-04-30 16:16:44,55.8167,23.5333,51.85,37,0,4.61
77,Portland,US,2022-04-30 16:16:45,45.5234,-122.6762,56.08,84,75,5.99
78,Jamestown,US,2022-04-30 16:12:10,42.097,-79.2353,60.03,26,0,6.91
79,Brae,GB,2022-04-30 16:16:45,60.3964,-1.353,46.85,69,100,10.25
80,Meulaboh,ID,2022-04-30 16:16:46,4.1363,96.1285,80.55,81,100,1.68
81,Moree,AU,2022-04-30 16:16:46,-29.4667,149.85,57.22,94,99,8.05
82,Flinders,AU,2022-04-30 16:16:47,-34.5833,150.8552,58.05,74,42,3.0
83,Recodo,PH,2022-04-30 16:16:47,6.9519,121.9636,79.79,87,100,2.1
84,Fukue,JP,2022-04-30 16:16:48,32.6881,128.8419,59.45,69,100,16.11
85,Bichura,RU,2022-04-30 16:16:48,50.5881,107.6022,49.59,69,99,3.83
86,Georgetown,MY,2022-04-30 16:16:48,5.4112,100.3354,84.15,87,20,3.44
87,Iberia,US,2022-04-30 16:16:49,29.9502,-91.7507,83.05,61,20,10.36
88,Upernavik,GL,2022-04-30 16:16:49,72.7868,-56.1549,19.22,89,100,12.1
89,Odweyne,SO,2022-04-30 16:16:50,9.4092,45.064,78.57,55,97,4.12
90,Sampit,ID,2022-04-30 16:16:50,-2.5333,112.95,75.15,96,100,1.9
91,Montecristi,EC,2022-04-30 16:16:51,-1.05,-80.6667,82.22,70,20,6.91
92,Vestmannaeyjar,IS,2022-04-30 16:13:30,63.4427,-20.2734,47.39,81,0,19.57
93,Yanam,IN,2022-04-30 16:16:51,16.7333,82.2167,83.34,78,33,6.82
94,Thompson,CA,2022-04-30 16:16:51,55.7435,-97.8558,37.56,70,75,10.36
95,Hilo,US,2022-04-30 16:16:52,19.7297,-155.09,73.27,93,100,4.61
96,Shache,CN,2022-04-30 16:16:52,38.4167,77.2406,67.42,19,42,11.48
97,Airai,TL,2022-04-30 16:16:53,-8.9266,125.4092,60.12,89,93,3.22
98,Gimli,CA,2022-04-30 16:16:53,50.6336,-96.9907,35.62,100,100,18.41
99,Jaisalmer,IN,2022-04-30 16:16:54,26.9147,70.9181,101.57,11,1,5.23
100,Puerto Ayora,EC,2022-04-30 16:12:34,-0.7393,-90.3518,76.96,83,37,9.89
101,Port Hardy,CA,2022-04-30 16:15:33,50.6996,-127.4199,50.18,76,75,8.05
102,Fortuna,US,2022-04-30 16:16:54,40.5982,-124.1573,52.72,93,100,1.99
103,Leningradskiy,RU,2022-04-30 16:16:54,69.3833,178.4167,4.39,97,96,5.68
104,Maumere,ID,2022-04-30 16:16:55,-8.6199,122.2111,80.67,81,96,2.44
105,Pevek,RU,2022-04-30 16:16:55,69.7008,170.3133,-6.47,100,97,1.72
106,Miguel Hidalgo,MX,2022-04-30 16:16:11,19.4225,-99.2028,71.58,40,0,2.3
107,Sorland,NO,2022-04-30 16:16:56,67.667,12.6934,37.22,56,61,3.89
108,Katangli,RU,2022-04-30 16:16:56,51.7102,143.2326,30.06,98,100,8.97
109,Oriximina,BR,2022-04-30 16:15:16,-1.7656,-55.8661,80.58,87,70,4.85
110,Soc Trang,VN,2022-04-30 16:16:57,9.6033,105.98,81.03,81,100,5.73
111,Ribeira Grande,PT,2022-04-30 16:16:57,38.5167,-28.7,66.6,77,75,9.22
112,Palmer,US,2022-04-30 16:16:57,42.1584,-72.3287,60.51,29,20,12.66
113,Raudeberg,NO,2022-04-30 16:16:58,61.9875,5.1352,46.96,76,89,2.82
114,Skibbereen,IE,2022-04-30 16:16:58,51.55,-9.2667,55.11,74,100,8.14
115,Nabire,ID,2022-04-30 16:16:59,-3.3667,135.4833,76.41,92,88,3.44
116,Rawson,AR,2022-04-30 16:13:36,-43.3002,-65.1023,57.88,37,89,18.19
117,Taos,US,2022-04-30 16:16:59,36.4072,-105.5731,58.19,18,0,1.01
118,Ancud,CL,2022-04-30 16:17:00,-41.8697,-73.8203,50.22,71,28,4.0
119,Paramonga,PE,2022-04-30 16:17:00,-10.6667,-77.8333,71.11,76,90,8.66
120,Lavrentiya,RU,2022-04-30 16:17:01,65.5833,-171.0,23.76,89,100,10.51
121,Ossora,RU,2022-04-30 16:17:01,59.2353,163.0719,17.02,90,37,6.49
122,Chokurdakh,RU,2022-04-30 16:17:01,70.6333,147.9167,7.07,96,32,7.05
123,Bathsheba,BB,2022-04-30 16:13:08,13.2167,-59.5167,84.81,70,40,17.27
124,Trelew,AR,2022-04-30 16:14:28,-43.249,-65.3051,58.71,33,81,20.27
125,Krasnokamensk,RU,2022-04-30 16:17:02,50.0979,118.0369,36.61,31,63,2.35
126,Muros,ES,2022-04-30 16:17:02,42.7762,-9.0603,77.68,73,8,3.58
127,Bageshwar,IN,2022-04-30 16:17:03,29.85,79.7667,71.17,41,88,4.56
128,Pisco,PE,2022-04-30 16:13:29,-13.7,-76.2167,72.01,73,0,5.75
129,Kassala,SD,2022-04-30 16:17:03,15.451,36.4,100.18,10,8,10.31
130,Tasiilaq,GL,2022-04-30 16:17:04,65.6145,-37.6368,44.76,45,59,13.71
131,Faya,SA,2022-04-30 16:17:04,18.3851,42.4509,69.91,40,15,6.91
132,Ixtapa,MX,2022-04-30 16:14:32,20.7,-105.2,78.03,31,20,4.61
133,Luderitz,NA,2022-04-30 16:12:39,-26.6481,15.1594,63.46,62,0,21.74
134,Paraopeba,BR,2022-04-30 16:17:05,-19.2757,-44.4033,85.17,32,1,4.74
135,Doka,SD,2022-04-30 16:17:05,13.5167,35.7667,100.69,7,62,6.06
136,Vila,PT,2022-04-30 16:17:06,42.0304,-8.1588,68.7,46,10,8.19
137,Shaoyang,CN,2022-04-30 16:17:06,27.2315,111.4525,55.56,89,100,3.53
138,Pangnirtung,CA,2022-04-30 16:17:06,66.1451,-65.7125,21.2,63,100,3.44
139,Honningsvag,NO,2022-04-30 16:17:07,70.9821,25.9704,29.95,69,100,8.05
140,Tuatapere,NZ,2022-04-30 16:14:26,-46.1333,167.6833,57.97,71,100,9.57
141,Zalesovo,RU,2022-04-30 16:17:07,53.9939,84.7431,58.68,43,14,6.55
142,Vardo,NO,2022-04-30 16:17:08,70.3705,31.1107,29.86,65,100,16.51
143,Kostino,RU,2022-04-30 16:17:08,58.9097,53.2691,36.5,79,100,5.44
144,Lompoc,US,2022-04-30 16:13:58,34.6391,-120.4579,71.94,70,0,23.0
145,Paveh,IR,2022-04-30 16:17:09,35.0434,46.3565,57.22,59,12,3.47
146,Valley City,US,2022-04-30 16:17:09,46.9233,-98.0032,39.72,100,100,12.66
147,Butaritari,KI,2022-04-30 16:17:10,3.0707,172.7902,80.65,82,92,12.33
148,Faanui,PF,2022-04-30 16:17:11,-16.4833,-151.75,80.56,74,34,17.29
149,Henties Bay,NA,2022-04-30 16:17:11,-22.116,14.2845,61.3,75,0,11.21
150,Torbay,CA,2022-04-30 16:17:12,47.6666,-52.7314,41.76,96,100,5.75
151,Yongchang,CN,2022-04-30 16:17:12,30.0381,119.7317,57.58,96,100,1.79
152,Benguela,AO,2022-04-30 16:17:13,-12.5763,13.4055,80.04,80,93,5.46
153,Taoudenni,ML,2022-04-30 16:17:13,22.6783,-3.9836,94.57,10,0,8.16
154,Port Macquarie,AU,2022-04-30 16:17:14,-31.4333,152.9167,60.89,84,100,10.38
155,Husavik,IS,2022-04-30 16:17:14,66.0449,-17.3389,52.25,48,77,3.98
156,Alterosa,BR,2022-04-30 16:17:14,-21.2492,-46.1431,75.63,60,48,7.2
157,Saint-Philippe,RE,2022-04-30 16:17:15,-21.3585,55.7679,78.39,79,45,11.32
158,Sao Joao Da Barra,BR,2022-04-30 16:17:15,-21.6403,-41.0511,86.09,64,12,6.73
159,Dubbo,AU,2022-04-30 16:17:16,-32.25,148.6167,44.73,93,0,5.75
160,Tongliao,CN,2022-04-30 16:17:16,43.6125,122.2653,45.45,25,97,4.7
161,Talcahuano,CL,2022-04-30 16:17:16,-36.7167,-73.1167,53.28,66,0,9.22
162,Chuy,UY,2022-04-30 16:17:17,-33.6971,-53.4616,61.9,53,67,4.29
163,Tessalit,ML,2022-04-30 16:17:17,20.1986,1.0114,98.33,6,2,20.76
164,Tuktoyaktuk,CA,2022-04-30 16:17:18,69.4541,-133.0374,24.8,80,20,8.05
165,Lensk,RU,2022-04-30 16:17:18,60.7253,114.9278,37.26,99,100,7.31
166,Biltine,TD,2022-04-30 16:17:18,14.5333,20.9167,105.37,6,100,6.93
167,Kropotkin,RU,2022-04-30 16:17:19,45.4375,40.5756,55.81,85,100,12.21
168,Krasnyy Yar,RU,2022-04-30 16:17:19,46.5331,48.3456,58.93,55,23,7.83
169,Sioux Lookout,CA,2022-04-30 16:15:33,50.1001,-91.917,53.67,32,75,8.05
170,Conceicao Do Castelo,BR,2022-04-30 16:17:20,-20.3683,-41.2439,78.64,48,4,2.42
171,Porto Novo,BJ,2022-04-30 16:17:20,6.4965,2.6036,87.62,66,92,8.68
172,Richards Bay,ZA,2022-04-30 16:17:21,-28.783,32.0377,68.5,72,77,12.59
173,Igarka,RU,2022-04-30 16:17:21,67.4667,86.5833,16.83,93,87,8.66
174,Mahebourg,MU,2022-04-30 16:17:21,-20.4081,57.7,77.29,83,40,5.75
175,Buchanan,LR,2022-04-30 16:17:22,5.8808,-10.0467,84.22,73,73,7.25
176,Dargaville,NZ,2022-04-30 16:17:22,-35.9333,173.8833,53.87,93,2,3.58
177,Upington,ZA,2022-04-30 16:17:23,-28.4478,21.2561,66.58,30,0,5.75
178,Palana,RU,2022-04-30 16:17:23,59.1167,159.9667,24.21,89,7,3.76
179,Caravelas,BR,2022-04-30 16:17:23,-17.7125,-39.2481,83.21,58,11,7.87
180,Naze,JP,2022-04-30 16:17:24,28.3667,129.4833,65.32,78,55,8.84
181,Yellowknife,CA,2022-04-30 16:17:24,62.456,-114.3525,25.32,63,0,8.01
182,Surt,LY,2022-04-30 16:17:25,31.2089,16.5887,68.05,67,88,19.39
183,Lebu,CL,2022-04-30 16:17:25,-37.6167,-73.65,53.8,59,0,13.22
184,Ashti,IN,2022-04-30 16:17:26,19.3833,76.2333,97.34,14,8,20.2
185,Shimanovsk,RU,2022-04-30 16:17:26,52.0,127.7,38.57,49,99,9.17
186,Longyearbyen,SJ,2022-04-30 16:17:26,78.2186,15.6401,13.84,57,20,4.61
187,Keuruu,FI,2022-04-30 16:17:27,62.2667,24.7,44.78,69,100,8.48
188,Saskylakh,RU,2022-04-30 16:17:27,71.9167,114.0833,14.34,93,100,15.95
189,Guerrero Negro,MX,2022-04-30 16:16:38,27.9769,-114.0611,63.46,68,47,12.68
190,Esperance,AU,2022-04-30 16:17:28,-33.8667,121.9,55.24,79,0,7.74
191,Zarubino,RU,2022-04-30 16:17:28,42.63,131.0922,40.91,75,26,9.06
192,Daru,PG,2022-04-30 16:17:28,-9.0763,143.2092,78.84,89,100,12.8
193,Alyangula,AU,2022-04-30 16:17:29,-13.8483,136.4192,73.27,94,66,0.0
194,Curuca,BR,2022-04-30 16:17:29,-0.7289,-47.8481,81.72,82,88,5.75
195,Emerald,AU,2022-04-30 16:17:30,-23.5333,148.1667,66.34,82,7,4.61
196,Zhigansk,RU,2022-04-30 16:14:21,66.7697,123.3711,33.31,87,100,34.83
197,Sisimiut,GL,2022-04-30 16:17:30,66.9395,-53.6735,24.46,48,0,5.7
198,San Quintin,MX,2022-04-30 16:17:31,30.4833,-115.95,62.8,70,72,7.25
199,Gravdal,NO,2022-04-30 16:17:31,68.1214,13.5031,36.82,54,80,5.75
200,Lakes Entrance,AU,2022-04-30 16:17:31,-37.8811,147.981,49.15,70,13,8.46
201,Narsaq,GL,2022-04-30 16:17:32,60.9167,-46.05,55.62,57,36,3.89
202,Jinchang,CN,2022-04-30 16:17:32,38.4953,102.1739,47.93,27,95,5.59
203,Vilhena,BR,2022-04-30 16:17:54,-12.7406,-60.1458,86.22,51,40,8.05
204,Nantucket,US,2022-04-30 16:17:54,41.2835,-70.0995,53.74,62,40,17.27
205,Vila Velha,BR,2022-04-30 16:14:07,-20.3297,-40.2925,87.75,75,20,10.36
206,Nouadhibou,MR,2022-04-30 16:17:54,20.931,-17.0347,71.58,64,100,20.71
207,Korla,CN,2022-04-30 16:17:55,41.7597,86.1469,63.48,25,1,5.86
208,Albany,US,2022-04-30 16:17:55,42.6001,-73.9662,57.33,31,10,5.01
209,Woodland,US,2022-04-30 16:14:14,38.6785,-121.7733,65.61,59,40,5.75
210,Praia Da Vitoria,PT,2022-04-30 16:17:56,38.7333,-27.0667,67.75,82,75,4.56
211,Malakal,SS,2022-04-30 16:17:56,9.5334,31.6605,93.6,33,99,7.18
212,Broken Hill,AU,2022-04-30 16:17:57,-31.95,141.4333,53.31,82,0,6.91
213,Port Elizabeth,ZA,2022-04-30 16:17:57,-33.918,25.5701,62.89,76,0,16.11
214,Mayo,US,2022-04-30 16:17:57,38.8876,-76.5119,66.25,28,0,9.22
215,East Wenatchee Bench,US,2022-04-30 16:17:58,47.4257,-120.2812,49.28,88,100,9.22
216,Ulagan,RU,2022-04-30 16:17:58,50.6321,87.9563,48.63,54,100,3.06
217,Presidencia Roque Saenz Pena,AR,2022-04-30 16:17:59,-26.7852,-60.4388,72.72,54,100,0.49
218,Dikson,RU,2022-04-30 16:14:06,73.5069,80.5464,16.25,94,100,16.67
219,Chiredzi,ZW,2022-04-30 16:17:59,-21.05,31.6667,75.22,39,0,3.53
220,Laguna,US,2022-04-30 16:17:24,38.421,-121.4238,70.02,61,0,5.75
221,Makat,KZ,2022-04-30 16:18:00,47.6469,53.3463,58.51,66,99,23.49
222,Deputatskiy,RU,2022-04-30 16:18:00,69.3,139.9,3.04,86,32,3.71
223,Geraldton,AU,2022-04-30 16:18:00,-28.7667,114.6,55.81,88,0,4.61
224,San Vicente,AR,2022-04-30 16:18:01,-26.6167,-54.1333,78.46,61,73,6.44
225,Yambio,SS,2022-04-30 16:18:01,4.5721,28.3955,71.37,86,100,1.12
226,Ola,RU,2022-04-30 16:18:02,59.5833,151.2833,26.15,74,10,7.81
227,Ada,US,2022-04-30 16:18:02,43.4166,-116.1262,49.3,51,100,14.97
228,Marsa Matruh,EG,2022-04-30 16:18:03,31.3525,27.2453,68.05,69,1,12.17
229,Safidon,IN,2022-04-30 16:18:03,29.4167,76.6667,96.21,10,20,7.4
230,Ormara,PK,2022-04-30 16:18:03,25.2088,64.6357,87.04,64,29,24.07
231,Trairi,BR,2022-04-30 16:18:04,-3.2778,-39.2689,83.61,74,30,8.3
232,Vitim,RU,2022-04-30 16:18:04,59.4511,112.5578,37.74,100,100,5.01
233,Manubul,PH,2022-04-30 16:18:05,5.4732,120.7986,82.53,77,100,2.66
234,Lauria,IT,2022-04-30 16:18:05,40.0465,15.8358,58.93,60,25,2.55
235,Murray Bridge,AU,2022-04-30 16:18:06,-35.1167,139.2667,59.13,80,1,6.76
236,Archidona,ES,2022-04-30 16:18:06,37.0965,-4.3887,64.96,34,16,4.56
237,Doha,QA,2022-04-30 16:16:00,25.2867,51.5333,82.71,61,0,9.22
238,Mahanoro,MG,2022-04-30 16:18:06,-19.9,48.8,72.16,76,0,2.13
239,Half Moon Bay,US,2022-04-30 16:13:56,37.4636,-122.4286,62.87,75,20,18.41
240,Salalah,OM,2022-04-30 16:18:07,17.0151,54.0924,85.5,76,37,7.38
241,Finnsnes,NO,2022-04-30 16:18:07,69.2296,17.9811,34.41,79,100,7.63
242,Altamira,BR,2022-04-30 16:18:08,-3.2033,-52.2064,86.09,66,40,3.44
243,Lavras,BR,2022-04-30 16:18:08,-21.2453,-44.9997,76.55,54,62,3.44
244,Kavaratti,IN,2022-04-30 16:18:09,10.5669,72.642,85.89,71,94,11.79
245,Bambous Virieux,MU,2022-04-30 16:14:05,-20.3428,57.7575,77.25,83,40,5.75
246,Birao,CF,2022-04-30 16:18:09,10.2849,22.7882,100.9,15,99,1.39
247,Lagoa,PT,2022-04-30 16:18:09,39.05,-27.9833,61.16,85,3,12.73
248,Aktau,KZ,2022-04-30 16:18:10,43.65,51.2,64.98,59,22,19.15
249,Kavieng,PG,2022-04-30 16:14:00,-2.5744,150.7967,81.95,73,84,2.08
250,Jalingo,NG,2022-04-30 16:18:10,8.8833,11.3667,98.56,31,88,3.6
251,Bonthe,SL,2022-04-30 16:18:11,7.5264,-12.505,85.73,65,88,9.06
252,Kazachinskoye,RU,2022-04-30 16:18:11,57.6953,93.2761,52.75,97,96,5.53
253,Portree,GB,2022-04-30 16:18:12,57.4129,-6.1942,50.52,93,100,13.67
254,Chalus,IR,2022-04-30 16:17:11,36.655,51.4204,63.86,94,100,4.61
255,Karratha,AU,2022-04-30 16:18:12,-20.7377,116.8463,78.31,45,89,15.86
256,Isangel,VU,2022-04-30 16:18:12,-19.55,169.2667,77.54,88,100,14.03
257,Trincomalee,LK,2022-04-30 16:14:30,8.5711,81.2335,85.59,75,71,7.63
258,Salinas,US,2022-04-30 16:18:05,36.6777,-121.6555,60.3,72,40,6.91
259,Grindavik,IS,2022-04-30 16:18:13,63.8424,-22.4338,45.07,87,100,13.8
260,Balabac,PH,2022-04-30 16:18:13,7.9868,117.0645,81.97,80,100,10.16
261,Grafton,US,2022-04-30 16:18:14,42.207,-71.6856,57.27,35,0,13.8
262,Bengkulu,ID,2022-04-30 16:18:14,-3.8004,102.2655,77.52,90,100,4.76
263,Lazaro Cardenas,MX,2022-04-30 16:18:15,17.9583,-102.2,81.97,51,2,5.73
264,Dunedin,NZ,2022-04-30 16:18:15,-45.8742,170.5036,54.81,79,30,4.0
265,Cluses,FR,2022-04-30 16:18:16,46.0625,6.575,62.51,75,81,4.65
266,Kuybyshevo,RU,2022-04-30 16:18:16,47.8123,38.9073,55.02,65,84,13.87
267,Yumen,CN,2022-04-30 16:18:16,40.2833,97.2,49.64,19,4,4.92
268,Sauk Rapids,US,2022-04-30 16:18:17,45.5919,-94.1661,49.98,93,100,13.8
269,Talnakh,RU,2022-04-30 16:18:17,69.4865,88.3972,20.21,96,90,6.82
270,Ensley,US,2022-04-30 16:18:18,30.5188,-87.2728,82.9,78,75,14.97
271,Bethel,US,2022-04-30 16:18:18,41.3712,-73.414,59.59,35,0,11.5
272,Umea,SE,2022-04-30 16:18:19,63.8284,20.2597,39.13,70,0,9.22
273,Makubetsu,JP,2022-04-30 16:18:19,45.3714,141.8211,36.99,57,58,4.14
274,Apatity,RU,2022-04-30 16:18:19,67.5641,33.4031,29.25,70,99,6.44
275,Kahului,US,2022-04-30 16:18:20,20.8947,-156.47,73.85,77,20,13.8
276,Elliot,ZA,2022-04-30 16:18:20,-31.3333,27.85,48.65,70,22,2.1
277,Maine-Soroa,NE,2022-04-30 16:18:21,13.2114,12.0241,104.81,15,89,1.68
278,Millau,FR,2022-04-30 16:18:21,44.0833,2.9167,68.13,44,44,9.24
279,Luganville,VU,2022-04-30 16:18:21,-15.5333,167.1667,78.84,85,100,0.36
280,Boca Do Acre,BR,2022-04-30 16:18:22,-8.7522,-67.3978,91.67,46,82,2.86
281,Kalmunai,LK,2022-04-30 16:18:22,7.4167,81.8167,83.05,77,13,7.38
282,Helena,US,2022-04-30 16:16:20,46.5927,-112.0361,50.18,80,40,3.0
283,Pucallpa,PE,2022-04-30 16:17:16,-8.3791,-74.5539,87.84,62,40,2.3
284,Soyo,AO,2022-04-30 16:18:23,-6.1349,12.3689,82.24,73,98,7.34
285,Trzcianka,PL,2022-04-30 16:18:23,53.0406,16.4563,59.88,54,100,3.69
286,Lumberton,US,2022-04-30 16:18:24,34.6182,-79.0086,77.83,45,59,8.34
287,Eureka,US,2022-04-30 16:15:37,40.8021,-124.1637,54.68,77,100,8.99
288,Waddan,LY,2022-04-30 16:18:24,29.1614,16.139,91.94,9,100,17.05
289,Hay River,CA,2022-04-30 16:15:32,60.8156,-115.7999,30.18,69,20,6.91
290,Ciudad Bolivar,VE,2022-04-30 16:18:25,8.1222,-63.5497,93.72,36,100,11.16
291,Seoul,KR,2022-04-30 16:13:33,37.5683,126.9778,47.64,76,0,1.14
292,Conguaco,GT,2022-04-30 16:18:25,14.0442,-90.0311,67.89,79,99,1.77
293,San Andres,CO,2022-04-30 16:15:13,12.5847,-81.7006,86.02,74,40,16.11
294,Carnarvon,AU,2022-04-30 16:18:26,-24.8667,113.6333,66.27,59,75,9.22
295,Nishihara,JP,2022-04-30 16:18:26,26.1842,127.7558,70.88,73,100,5.75
296,Santa Rosalia,MX,2022-04-30 16:18:27,27.3167,-112.2833,75.0,27,46,3.74
297,Cefalu,IT,2022-04-30 16:18:27,38.0386,14.0229,65.53,68,64,1.99
298,Port Pirie,AU,2022-04-30 16:18:27,-33.1833,138.0167,48.29,63,0,3.87
299,Belogorsk,RU,2022-04-30 16:18:28,50.9158,128.4611,41.02,58,99,8.99
300,Shelby,US,2022-04-30 16:15:57,35.2001,-89.8668,78.15,59,40,10.36
301,Maralal,KE,2022-04-30 16:18:28,1.0968,36.698,64.72,71,84,9.78
302,Kindersley,CA,2022-04-30 16:18:29,51.4668,-109.1682,53.62,35,20,4.61
303,Dingle,PH,2022-04-30 16:18:29,10.9995,122.6711,77.88,83,88,5.79
304,Arraias,BR,2022-04-30 16:18:30,-12.9288,-46.9437,88.3,27,60,4.68
305,Taloqan,AF,2022-04-30 16:18:30,36.7361,69.5345,75.74,45,0,2.19
306,Jimenez,MX,2022-04-30 16:18:30,28.3333,-105.4,80.38,7,3,9.82
307,Awbari,LY,2022-04-30 16:18:31,26.5921,12.7805,99.14,5,0,13.24
308,Flin Flon,CA,2022-04-30 16:18:31,54.7682,-101.865,46.24,66,75,0.0
309,Liku,ID,2022-04-30 16:18:32,-0.7275,119.8922,75.9,92,100,2.84
310,Avera,US,2022-04-30 16:18:32,33.194,-82.5271,78.39,49,76,7.2
311,Tsubata,JP,2022-04-30 16:18:32,36.6667,136.7333,50.2,75,100,1.66
312,El Jicaro,GT,2022-04-30 16:18:33,14.9167,-89.9,87.33,59,33,2.37
313,Zunyi,CN,2022-04-30 16:18:33,27.6867,106.9072,52.43,93,100,2.57
314,Vila Franca Do Campo,PT,2022-04-30 16:18:34,37.7167,-25.4333,66.61,70,2,7.94
315,Moussoro,TD,2022-04-30 16:18:34,13.6408,16.4901,106.79,13,100,2.66
316,Ketchikan,US,2022-04-30 16:18:34,55.3422,-131.6461,46.87,66,0,10.36
317,Marzuq,YE,2022-04-30 16:18:35,14.4,46.4667,79.9,52,22,9.33
318,Samarai,PG,2022-04-30 16:18:35,-10.6167,150.6667,80.69,79,46,5.97
319,Gbarnga,LR,2022-04-30 16:18:36,6.9956,-9.4722,82.74,71,92,1.99
320,Lakatoro,VU,2022-04-30 16:18:36,-16.0999,167.4164,79.07,82,100,3.4
321,Bara,NG,2022-04-30 16:18:36,10.3744,10.7288,103.59,20,78,7.38
322,Belyy Yar,RU,2022-04-30 16:18:37,53.6039,91.3903,58.86,40,49,2.24
323,Kruisfontein,ZA,2022-04-30 16:18:37,-34.0033,24.7314,59.88,77,0,14.03
324,Konya,TR,2022-04-30 16:18:38,38.1667,32.5,62.08,55,79,11.72
325,Kemijarvi,FI,2022-04-30 16:18:38,66.7131,27.4306,34.99,52,86,8.34
326,Mawlaik,MM,2022-04-30 16:18:38,23.6333,94.4167,78.62,55,52,3.49
327,Puerto Carreno,CO,2022-04-30 16:15:11,6.189,-67.4859,75.22,92,100,7.05
328,Roald,NO,2022-04-30 16:18:39,62.5833,6.1333,50.92,81,75,9.22
329,Markova,UA,2022-04-30 16:18:39,48.6758,24.4138,53.82,69,81,3.38
330,Concepcion,CL,2022-04-30 16:18:40,-36.827,-73.0498,53.4,66,0,9.22
331,Viedma,AR,2022-04-30 16:18:40,-40.8135,-62.9967,57.65,31,100,17.4
332,Carbonia,IT,2022-04-30 16:18:41,39.1672,8.5222,72.55,47,0,8.68
333,Calama,CL,2022-04-30 16:18:41,-22.4667,-68.9333,73.89,6,0,9.22
334,Angoche,MZ,2022-04-30 16:18:41,-16.2325,39.9086,74.71,78,0,7.34
335,Provideniya,RU,2022-04-30 16:18:42,64.3833,-173.3,28.18,93,100,14.88
336,Haikou,CN,2022-04-30 16:18:42,20.0458,110.3417,77.13,94,0,4.47
337,Castelo Do Piaui,BR,2022-04-30 16:18:43,-5.3222,-41.5525,92.16,39,81,3.42
338,Yantal,RU,2022-04-30 16:18:43,56.8471,105.2542,41.49,97,100,3.78
339,Norman Wells,CA,2022-04-30 16:18:43,65.282,-126.8329,37.44,60,20,8.05
340,Anaconda,US,2022-04-30 16:18:44,46.1285,-112.9423,40.19,61,69,5.28
341,Yulara,AU,2022-04-30 16:14:32,-25.2406,130.9889,63.3,57,100,17.67
342,Bitung,ID,2022-04-30 16:18:44,1.4451,125.1824,79.65,85,99,3.09
343,Karasjok,NO,2022-04-30 16:18:45,69.4719,25.5112,27.63,83,93,12.24
344,Amazar,RU,2022-04-30 16:18:45,53.858,120.875,28.92,52,37,1.97
345,Fare,PF,2022-04-30 16:18:45,-16.7,-151.0167,80.44,73,4,17.0
346,Vaxjo,SE,2022-04-30 16:18:46,56.8777,14.8091,53.65,52,100,4.61
347,Tautira,PF,2022-04-30 16:18:46,-17.7333,-149.15,79.68,74,17,16.08
348,Pipri,IN,2022-04-30 16:18:47,19.8,75.5333,93.27,16,3,19.04
349,Oxbow,CA,2022-04-30 16:18:47,49.2333,-102.1676,47.64,62,100,15.59
350,Sabya,SA,2022-04-30 16:18:48,17.1495,42.6254,89.22,47,54,3.56
351,Fonte Boa,BR,2022-04-30 16:18:48,-2.4959,-66.2662,85.42,62,71,4.81
352,Port Blair,IN,2022-04-30 16:16:57,11.6667,92.75,82.44,83,40,2.3
353,Jamame,SO,2022-04-30 16:18:49,0.0722,42.7506,82.09,75,24,9.33
354,Sayat,TM,2022-04-30 16:18:49,38.7839,63.8803,84.07,15,100,10.56
355,Tarrafal,CV,2022-04-30 16:18:49,15.2833,-23.7667,81.39,74,80,16.17
356,Havelock,US,2022-04-30 16:18:50,34.8791,-76.9013,71.94,73,95,10.0
357,Ponta Do Sol,PT,2022-04-30 16:18:50,32.6667,-17.1,76.71,51,0,0.51
358,Havoysund,NO,2022-04-30 16:18:51,70.9963,24.6622,30.43,78,100,13.73
359,La Paz,BO,2022-04-30 16:14:09,-16.5,-68.15,62.58,44,40,6.91
360,Vrangel,RU,2022-04-30 16:18:51,42.7297,133.0839,38.64,96,100,8.46
361,Nueva Helvecia,UY,2022-04-30 16:18:51,-34.3,-57.2333,59.59,52,100,3.91
362,Sines,PT,2022-04-30 16:18:52,37.9562,-8.8698,67.28,75,4,6.8
363,Luancheng,CN,2022-04-30 16:18:52,37.8792,114.6517,46.56,18,23,8.41
364,Mahajanga,MG,2022-04-30 16:18:53,-15.7167,46.3167,80.8,70,5,8.32
365,Poronaysk,RU,2022-04-30 16:18:53,49.2167,143.1167,31.42,79,99,5.39
366,Sao Filipe,CV,2022-04-30 16:18:53,14.8961,-24.4956,75.02,68,96,10.94
367,Lata,PT,2022-04-30 16:18:54,40.1629,-8.3327,78.49,40,10,9.57
368,Barcelos,PT,2022-04-30 16:18:54,41.5388,-8.6151,78.91,48,8,7.09
369,Sernur,RU,2022-04-30 16:18:55,56.9333,49.1536,35.92,94,100,4.07
370,Neyshabur,IR,2022-04-30 16:18:55,36.2133,58.7958,79.59,23,99,9.1
371,Zhezkazgan,KZ,2022-04-30 16:18:56,47.8043,67.7144,71.33,28,41,3.58
372,Kaeo,NZ,2022-04-30 16:18:56,-35.1,173.7833,58.3,87,9,6.08
373,Kabalo,CD,2022-04-30 16:18:56,-6.05,26.9167,77.81,74,90,1.54
374,Abapo,BO,2022-04-30 16:18:57,-18.8333,-63.4667,76.55,49,41,7.09
375,Beloha,MG,2022-04-30 16:18:57,-25.1667,45.05,71.64,73,14,7.43
376,Locri,IT,2022-04-30 16:18:58,38.2414,16.2623,68.32,58,69,5.5
377,Kodiak,US,2022-04-30 16:18:58,57.79,-152.4072,40.51,87,100,28.77
378,Sterling,US,2022-04-30 16:18:58,39.0062,-77.4286,65.55,27,40,3.0
379,Imbituba,BR,2022-04-30 16:15:24,-28.24,-48.6703,68.86,61,26,12.21
380,Hvide Sande,DK,2022-04-30 16:18:59,56.0045,8.1294,53.1,76,6,9.35
381,Takoradi,GH,2022-04-30 16:18:59,4.8845,-1.7554,84.27,68,94,7.67
382,Montepuez,MZ,2022-04-30 16:19:00,-13.1256,38.9997,69.55,81,18,3.6
383,Huarmey,PE,2022-04-30 16:19:00,-10.0681,-78.1522,72.41,74,83,9.15
384,Ojinaga,MX,2022-04-30 16:19:00,29.5667,-104.4167,87.57,13,0,6.91
385,Cherskiy,RU,2022-04-30 16:19:01,68.75,161.3,-6.79,100,79,4.29
386,Saint-Augustin,CA,2022-04-30 16:19:01,51.226,-58.6502,35.55,94,100,15.68
387,Victoria,HK,2022-04-30 16:19:02,22.2855,114.1577,79.18,86,100,15.99
388,Kununurra,AU,2022-04-30 16:19:02,-15.7667,128.7333,78.78,89,100,3.44
389,Quepos,CR,2022-04-30 16:19:03,9.4236,-84.1652,83.23,73,100,2.44
390,Aksu,CN,2022-04-30 16:19:03,41.1231,80.2644,67.55,23,100,4.76
391,Berlevag,NO,2022-04-30 16:19:03,70.8578,29.0864,26.4,60,99,20.09
392,Cap Malheureux,MU,2022-04-30 16:19:04,-19.9842,57.6142,76.46,77,39,3.0
393,Namatanai,PG,2022-04-30 16:19:04,-3.6667,152.4333,79.18,80,98,1.79
394,Mandera,KE,2022-04-30 16:19:05,3.9366,41.867,89.31,50,75,4.97
395,Kvarkeno,RU,2022-04-30 16:19:05,52.0833,59.725,50.16,76,100,11.45
396,Fairbanks,US,2022-04-30 16:18:46,64.8378,-147.7164,40.98,66,0,8.05
397,San Cristobal,VE,2022-04-30 16:19:05,7.7669,-72.225,82.58,77,100,7.05
398,Fethiye,TR,2022-04-30 16:19:06,36.6217,29.1164,71.47,61,50,4.18
399,Cuamba,MZ,2022-04-30 16:19:06,-14.8031,36.5372,69.67,66,13,1.72
400,Barrancas,CO,2022-04-30 16:19:07,10.9576,-72.7877,89.47,61,100,2.77
401,Ilulissat,GL,2022-04-30 16:17:18,69.2167,-51.1,23.02,42,20,10.36
402,Gao,ML,2022-04-30 16:17:31,16.6362,1.637,104.43,7,87,8.23
403,Buraydah,SA,2022-04-30 16:19:07,26.326,43.975,89.06,23,0,4.85
404,Lashio,MM,2022-04-30 16:19:08,22.9333,97.75,66.6,74,17,2.37
405,Itupiranga,BR,2022-04-30 16:19:08,-5.1347,-49.3267,89.92,56,54,2.04
406,Tevriz,RU,2022-04-30 16:19:08,57.509,72.4042,37.42,59,96,4.97
407,Alta Floresta,BR,2022-04-30 16:19:09,-9.8756,-56.0861,96.62,41,40,8.05
408,Ekimchan,RU,2022-04-30 16:19:09,53.0667,132.9667,22.12,95,68,3.2
409,Asau,RO,2022-04-30 16:14:15,46.4333,26.4,58.12,57,58,3.4
410,Guangyuan,CN,2022-04-30 16:19:10,32.442,105.823,54.46,62,100,5.17
411,Mastung,PK,2022-04-30 16:19:10,29.7994,66.845,77.99,12,0,6.26
412,Vieques,PR,2022-04-30 16:19:11,18.425,-65.8329,78.89,88,100,11.5
413,Navsari,IN,2022-04-30 16:19:11,20.9524,72.9324,84.09,74,0,15.97
414,Lunca De Sus,RO,2022-04-30 16:19:11,46.5333,25.9667,49.46,72,78,4.88
415,Prinos,GR,2022-04-30 16:19:12,40.75,24.5833,65.86,77,75,6.91
416,Lewistown,US,2022-04-30 16:19:12,40.5992,-77.5714,64.87,61,0,4.61
417,Burhaniye,TR,2022-04-30 16:19:13,39.5004,26.9727,62.51,63,75,17.27
418,Bubaque,GW,2022-04-30 16:18:28,11.2833,-15.8333,78.71,64,28,12.5
419,Port Lincoln,AU,2022-04-30 16:19:13,-34.7333,135.8667,58.93,78,2,7.78
420,Otjimbingwe,NA,2022-04-30 16:19:14,-22.35,16.1333,80.92,24,0,15.64
421,Hasaki,JP,2022-04-30 16:19:14,35.7333,140.8333,46.8,55,42,10.47
422,Diamantino,BR,2022-04-30 16:19:15,-14.4086,-56.4461,91.38,35,15,4.59
423,Praia,CV,2022-04-30 16:19:15,14.9215,-23.5087,81.14,47,0,20.71
424,Palasa,IN,2022-04-30 16:19:15,18.7667,84.4167,81.55,85,86,11.95
425,Nuuk,GL,2022-04-30 16:19:16,64.1835,-51.7216,25.41,63,40,15.01
426,Union City,US,2022-04-30 16:15:54,37.5958,-122.0192,65.79,76,40,5.75
427,Santo Antonio Do Ica,BR,2022-04-30 16:19:16,-3.1022,-67.9397,85.68,65,87,3.18
428,Okhotsk,RU,2022-04-30 16:19:17,59.3833,143.3,32.56,91,50,3.83
429,Tilichiki,RU,2022-04-30 16:19:17,60.4667,166.1,23.67,93,53,7.16
430,Vanino,RU,2022-04-30 16:19:18,49.0869,140.2543,29.25,77,51,2.1
431,Bereda,ES,2022-04-30 16:19:18,43.2686,-7.5406,80.42,52,18,7.18
432,Cayenne,GF,2022-04-30 16:18:07,4.9333,-52.3333,86.04,8,20,16.11
433,Yatou,CN,2022-04-30 16:19:19,37.15,122.3833,46.13,30,85,6.29
434,Kaman,IN,2022-04-30 16:19:19,27.65,77.2667,97.99,12,25,10.27
435,Ornskoldsvik,SE,2022-04-30 16:19:19,63.2909,18.7153,47.35,61,100,9.22
436,Bushehr,IR,2022-04-30 16:19:20,28.9684,50.8385,78.89,65,0,18.41
437,Yeppoon,AU,2022-04-30 16:19:20,-23.1333,150.7333,65.98,89,48,10.2
438,Beyneu,KZ,2022-04-30 16:19:21,45.3167,55.2,66.42,72,97,13.51
439,Ovada,IT,2022-04-30 16:19:21,44.6384,8.6453,66.34,50,89,1.86
440,Vao,NC,2022-04-30 16:19:21,-22.6667,167.4833,74.19,81,100,21.77
441,Fort-Shevchenko,KZ,2022-04-30 16:19:22,44.5086,50.263,58.42,85,56,19.93
442,Koumac,NC,2022-04-30 16:19:22,-20.5667,164.2833,72.91,83,24,4.61
443,Broome,US,2022-04-30 16:19:23,42.2506,-75.833,57.65,28,0,10.36
444,Asyut,EG,2022-04-30 16:19:23,27.181,31.1837,93.6,12,48,15.59
445,Melchor De Mencos,GT,2022-04-30 16:19:24,17.0686,-89.1522,87.8,62,20,4.61
446,Manokwari,ID,2022-04-30 16:17:58,-0.8667,134.0833,78.75,81,100,5.3
447,Pinawa,CA,2022-04-30 16:19:24,50.1489,-95.8811,40.39,97,100,7.27
448,Linxia,CN,2022-04-30 16:19:24,35.6003,103.2064,40.57,75,100,5.37
449,Xian,CN,2022-04-30 16:19:25,34.2583,108.9286,52.61,29,100,2.44
450,Pitsunda,GE,2022-04-30 16:19:25,43.1592,40.3378,55.58,94,45,5.97
451,Knyaze-Volkonskoye,RU,2022-04-30 16:19:26,48.4642,135.4567,37.74,57,98,15.01
452,Grodkow,PL,2022-04-30 16:19:26,50.6984,17.3845,60.15,56,100,2.28
453,Myitkyina,MM,2022-04-30 16:19:26,25.3833,97.4,71.02,71,57,4.32
454,Ugoofaaru,MV,2022-04-30 16:19:27,5.6667,73.0,85.91,73,100,11.1
455,Sao Miguel Do Araguaia,BR,2022-04-30 16:19:27,-13.275,-50.1628,90.27,31,7,6.38
456,Batagay-Alyta,RU,2022-04-30 16:19:28,67.8006,130.4114,0.97,93,8,5.75
457,Kulhudhuffushi,MV,2022-04-30 16:19:28,6.6221,73.07,86.09,73,100,10.83
458,Ulladulla,AU,2022-04-30 16:19:28,-35.35,150.4667,56.3,70,76,3.74
459,Abaete,BR,2022-04-30 16:19:29,-19.16,-45.4458,86.04,35,0,4.03
460,Casablanca,MA,2022-04-30 16:17:38,33.5928,-7.6192,77.22,54,0,11.5
461,Kisangani,CD,2022-04-30 16:19:29,0.5167,25.2,82.27,62,89,2.73
462,San Carlos Del Zulia,VE,2022-04-30 16:19:30,9.0,-71.9135,88.86,61,100,3.02
463,Honiara,SB,2022-04-30 16:15:20,-9.4333,159.95,77.99,86,96,1.63
464,Yurga,RU,2022-04-30 16:19:30,55.7231,84.8861,57.11,73,88,5.91
465,Nome,US,2022-04-30 16:16:16,64.5011,-165.4064,41.07,56,100,8.05
466,San Patricio,US,2022-04-30 16:19:31,28.017,-97.5169,84.29,57,11,12.37
467,Plettenberg Bay,ZA,2022-04-30 16:19:31,-34.0527,23.3716,59.43,80,2,5.82
468,Coihueco,CL,2022-04-30 16:19:31,-36.6167,-71.8333,54.34,62,0,9.22
469,Westport,US,2022-04-30 16:19:32,41.1415,-73.3579,61.16,28,0,11.5
470,Gat,IL,2022-04-30 16:19:32,31.61,34.7642,69.4,100,0,13.53
471,Erenhot,CN,2022-04-30 16:19:33,43.6475,111.9767,51.13,27,81,15.75
472,San Rafael,AR,2022-04-30 16:14:39,-34.6177,-68.3301,63.9,27,0,2.35
473,La Asuncion,VE,2022-04-30 16:19:33,11.0333,-63.8628,87.53,66,100,18.41
474,Puerto Escondido,MX,2022-04-30 16:19:34,15.85,-97.0667,86.83,70,0,10.36
475,Sitka,US,2022-04-30 16:14:53,57.0531,-135.33,44.49,65,0,5.75
476,Hearst,CA,2022-04-30 16:19:34,49.6835,-83.6665,61.05,63,89,6.89
477,Stykkisholmur,IS,2022-04-30 16:19:35,65.0757,-22.7297,45.84,82,94,10.31
478,Inhambane,MZ,2022-04-30 16:14:43,-23.865,35.3833,76.98,78,20,9.22
479,Mount Isa,AU,2022-04-30 16:19:35,-20.7333,139.5,73.17,60,4,4.61
480,Gusino,RU,2022-04-30 16:19:35,54.7244,31.368,45.97,60,86,3.71
481,Homa Bay,KE,2022-04-30 16:19:36,-0.5273,34.4571,70.21,83,100,2.73
482,Dong Hoi,VN,2022-04-30 16:19:36,17.4833,106.6,76.21,95,100,2.62
483,Tadine,NC,2022-04-30 16:19:37,-21.55,167.8833,74.8,84,100,16.04
484,Yei,SS,2022-04-30 16:19:37,4.095,30.6779,70.63,75,100,2.77
485,Teguldet,RU,2022-04-30 16:19:37,57.3064,88.1667,49.44,86,95,6.33
486,Ahuimanu,US,2022-04-30 16:19:38,21.4447,-157.8378,74.91,78,20,13.8
487,Jasper,US,2022-04-30 16:18:20,37.2001,-94.3502,68.11,65,20,17.27
488,Bilma,NE,2022-04-30 16:19:38,18.6853,12.9164,105.84,6,84,4.23
489,Tabuk,PH,2022-04-30 16:19:39,17.4189,121.4443,76.57,85,92,4.94
490,Aberystwyth,GB,2022-04-30 16:19:39,52.4155,-4.0829,49.62,81,100,5.32
491,Padang,ID,2022-04-30 16:19:40,-0.9492,100.3543,78.85,89,98,2.62
492,Caarapo,BR,2022-04-30 16:19:40,-22.6342,-54.8222,82.76,52,41,9.95
493,Rorvik,NO,2022-04-30 16:19:40,64.8621,11.2373,39.9,77,96,3.4
494,Araouane,ML,2022-04-30 16:19:41,18.9048,-3.5265,100.8,6,6,13.73
495,Voskresenskoye,RU,2022-04-30 16:19:41,56.8381,45.4317,38.46,60,71,8.59
496,Abu Zabad,SD,2022-04-30 16:19:42,12.35,29.25,97.95,7,19,5.5
497,Litovko,RU,2022-04-30 16:19:42,49.2361,135.1742,36.0,59,23,11.32
498,Aklavik,CA,2022-04-30 16:19:42,68.2191,-135.0107,33.8,69,20,5.75
499,Annau,TM,2022-04-30 16:15:19,37.8876,58.516,75.07,36,100,20.8
500,San Andres Del Rabanedo,ES,2022-04-30 16:19:43,42.6117,-5.6167,74.12,27,0,14.97
501,Vanimo,PG,2022-04-30 16:19:43,-2.6741,141.3028,77.05,88,100,5.21
502,Strezhevoy,RU,2022-04-30 16:19:44,60.7333,77.5889,26.46,77,13,4.29
503,Road Town,VG,2022-04-30 16:18:06,18.4167,-64.6167,78.89,94,75,10.36
504,Valle Del Guamuez,CO,2022-04-30 16:19:44,0.4525,-76.9192,74.62,99,100,1.41
505,Nemuro,JP,2022-04-30 16:15:26,43.3236,145.575,36.73,64,3,7.52
506,Lahaina,US,2022-04-30 16:19:45,20.8783,-156.6825,73.81,89,99,9.01
507,Buin,CL,2022-04-30 16:17:12,-33.7333,-70.75,71.87,30,0,1.92
508,Disna,BY,2022-04-30 16:19:45,55.568,28.1971,48.09,49,86,4.56
509,Opuwo,NA,2022-04-30 16:19:46,-18.0607,13.84,80.01,34,66,1.54
510,Ahipara,NZ,2022-04-30 16:19:46,-35.1667,173.1667,57.54,87,5,5.91
511,Tricase,IT,2022-04-30 16:19:47,39.9304,18.3553,67.35,68,0,3.44
512,Price,US,2022-04-30 16:19:47,39.5994,-110.8107,52.12,21,0,3.44
513,Banda Aceh,ID,2022-04-30 16:19:47,5.5577,95.3222,82.22,80,100,7.14
514,Walvis Bay,NA,2022-04-30 16:19:48,-22.9575,14.5053,67.15,59,0,9.22
515,Bucerias,MX,2022-04-30 16:15:46,20.75,-105.3333,78.78,31,20,4.61
516,Akyab,MM,2022-04-30 16:19:48,20.15,92.9,82.33,78,12,3.98
517,Tongzi,CN,2022-04-30 16:19:49,28.7829,105.0877,55.54,93,100,13.24
518,Malindi,KE,2022-04-30 16:19:49,-3.2175,40.1191,81.45,77,88,17.76
519,Gabi,PH,2022-04-30 16:19:50,7.6215,126.092,73.44,96,100,2.64
520,Katsuura,JP,2022-04-30 16:19:50,35.1333,140.3,53.28,67,39,7.92
521,Montauban,FR,2022-04-30 16:19:50,44.0833,1.5,70.57,56,16,8.95
522,Noyabrsk,RU,2022-04-30 16:19:51,63.1994,75.4507,25.75,90,8,12.62
523,Ulaangom,MN,2022-04-30 16:19:51,49.9811,92.0667,52.92,29,93,1.41
524,Khromtau,KZ,2022-04-30 16:19:52,50.2503,58.4347,52.81,69,100,16.4
525,Coquimbo,CL,2022-04-30 16:19:52,-29.9533,-71.3436,60.53,77,20,11.5
526,Nelson Bay,AU,2022-04-30 16:19:52,-32.7167,152.15,61.0,94,32,9.64
527,Namibe,AO,2022-04-30 16:19:53,-15.1961,12.1522,76.32,76,6,9.57
528,Hamilton,US,2022-04-30 16:15:51,39.1834,-84.5333,67.1,78,100,11.5
529,Hofn,IS,2022-04-30 16:19:53,64.2539,-15.2082,47.71,77,11,13.18
530,Najran,SA,2022-04-30 16:19:54,17.4924,44.1277,84.85,27,79,6.76
531,Mangrol,IN,2022-04-30 16:18:36,21.1167,70.1167,83.61,81,0,8.52
532,Touros,BR,2022-04-30 16:19:54,-5.1989,-35.4608,85.95,64,81,16.26
533,Bairiki,KI,2022-04-30 16:19:54,1.3292,172.9752,80.6,83,75,4.61
534,San-Pedro,CI,2022-04-30 16:19:55,4.7485,-6.6363,85.5,68,29,8.86
535,Izumo,JP,2022-04-30 16:19:55,35.3667,132.7667,49.95,80,100,4.12
536,Jaffna,LK,2022-04-30 16:16:28,9.6685,80.0074,85.8,81,94,20.78
537,Neftcala,AZ,2022-04-30 16:19:56,39.3742,49.2472,61.16,75,94,10.83
538,Marawi,PH,2022-04-30 16:19:56,7.9986,124.2928,69.22,92,100,0.96
539,Polunochnoye,RU,2022-04-30 16:19:56,60.8697,60.4153,30.16,80,35,5.03
540,Ararangua,BR,2022-04-30 16:19:57,-28.9347,-49.4858,71.24,58,41,8.63
541,Klaksvik,FO,2022-04-30 16:19:57,62.2266,-6.589,49.12,84,99,8.61
542,Forio,IT,2022-04-30 16:19:58,40.7342,13.8646,70.09,53,0,11.99
543,Qiongshan,CN,2022-04-30 16:19:58,20.0058,110.3542,76.98,94,0,4.47
544,Okha,RU,2022-04-30 16:19:58,53.5739,142.9478,29.28,97,100,6.4
545,Jutai,BR,2022-04-30 16:19:59,-5.1833,-68.9,88.0,59,81,1.25
546,Natal,BR,2022-04-30 16:16:33,-5.795,-35.2094,88.02,62,40,18.41
547,Goderich,CA,2022-04-30 16:19:59,43.7501,-81.7165,59.32,26,100,10.36
548,Kalaswala,PK,2022-04-30 16:20:00,32.2009,74.6491,93.16,25,38,14.67
549,Kaitangata,NZ,2022-04-30 16:20:00,-46.2817,169.8464,48.58,89,23,5.08
550,Vanavara,RU,2022-04-30 16:20:01,60.34,102.2797,35.4,96,97,3.42
551,Sobolevo,RU,2022-04-30 16:20:01,54.4299,31.8996,45.88,60,89,4.99
552,Lorengau,PG,2022-04-30 16:20:02,-2.0226,147.2712,80.55,79,96,5.01
553,Ayan,RU,2022-04-30 16:20:02,56.45,138.1667,32.43,94,100,8.48
554,Tiznit,MA,2022-04-30 16:20:03,29.5833,-9.5,78.22,27,0,15.59
555,Sinnamary,GF,2022-04-30 16:20:03,5.3833,-52.95,83.17,67,83,11.36
556,Rumuruti,KE,2022-04-30 16:20:04,0.267,36.5389,68.49,57,90,11.83
557,Ayutla,MX,2022-04-30 16:20:04,20.1167,-104.3333,80.92,7,4,1.36
558,Sibut,CF,2022-04-30 16:20:05,5.718,19.0739,89.28,44,96,3.02
559,Lasa,IT,2022-04-30 16:20:05,46.6166,10.7002,52.36,96,100,4.25
560,Khorixas,NA,2022-04-30 16:20:05,-20.3667,14.9667,85.15,18,0,14.27
561,Muravlenko,RU,2022-04-30 16:20:06,63.7898,74.523,26.38,89,35,15.12
562,Merzifon,TR,2022-04-30 16:20:06,40.8733,35.4631,54.86,72,75,20.71
563,Bardiyah,LY,2022-04-30 16:20:07,31.7561,25.0865,70.03,57,28,15.77
564,General Roca,AR,2022-04-30 16:20:07,-39.0333,-67.5833,57.61,28,0,10.65
